{
  "prescriptions": [
    {
      "id": 1,
      "icon": "TabletImage.png",
      "medicationName": "Eptoin",
      "refill": "",
      "previewtablet": "previewtablet.png",
      "dosage": "50mg",
      "quantity": 150,
      "assignedTo": "John",
      "refillDueDate": "Apr 09, 2024",
      "lastCopay": "$19.20",
      "refillsRemaining": "3",
      "autoRefill": false,
      "status": "Fill in progress",
      "selected": true,
      "presicon": "prescriptionbottle.svg",
      "checked": false,
      "prescriber": "Dr. Susan ",
      "name": "Lisinopril",
      "dosage": "20mg",
      "capsules": 60,
      "patient": "Lydia",
      "refillDue": "Sept 04, 2024",
      "copay": "$7.20",
      "prescriber": "Dr. Susan ",
      "daysSupply": 10,
      "rxNumber": "8476374",
      "expirationDate": "Nov 12, 2024",
      "instructions": "Take 3 tablets by mouth once daily in the morning with food for 3 days, then take 2 tablets daily.",
      "details": "Lisinopril is an oral medication primarily used to treat high blood pressure (hypertension) and heart failure.",
      "side_effect": "Lisinopril can cause side effects like dizziness, headache, fatigue, nausea, and a persistent dry cough.",
      "tab_short_desc": "Lisinopril is an ACE inhibitor that lowers blood pressure and treats heart failure by relaxing blood vessels"
    },
    {
      "id": 2,
      "icon": "TabletImage.png",
      "medicationName": "Lisinopril",
      "previewtablet": "previewtablet.png",
      "refill": "1",
      "dosage": "20mg",
      "quantity": 60,
      "assignedTo": "Lydia",
      "refillDueDate": "Apr 09, 2024",
      "lastCopay": "$19.20",
      "refillsRemaining": "",
      "autoRefill": true,
      "selected": true,
      "presicon": "prescriptionbottle.svg",
      "checked": false,
      "prescriber": "Dr. Susan ",
      "name": "Lisinopril",
      "dosage": "20mg",
      "capsules": 60,
      "patient": "Lydia",
      "refillDue": "Sept 04, 2024",
      "copay": "$7.20",
      "prescriber": "Dr. Susan Stone",
      "daysSupply": 10,
      "rxNumber": "8476374",
      "expirationDate": "Nov 12, 2024",
      "instructions": "Take 3 tablets by mouth once daily in the morning with food for 3 days, then take 2 tablets daily.",
      "details": "Lisinopril is an oral medication primarily used to treat high blood pressure (hypertension) and heart failure. It belongs to a class of drugs known as ACE inhibitors (Angiotensin-Converting Enzyme inhibitors). By relaxing blood vessels, lisinopril helps reduce blood pressure and makes it easier for the heart to pump blood.",
      "side_effect": "Lisinopril can cause side effects like dizziness, headache, fatigue, nausea, and a persistent dry cough. In rare cases, it may lead to serious issues such as angioedema (swelling of the face, lips, or throat), high potassium levels (causing irregular heartbeat or muscle weakness), and kidney problems, signaled by reduced urine output or swelling. Severe dizziness or fainting can also occur if blood pressure drops too low. Allergic reactions, including rashes and itching, are also possible. Patients should consult their doctor if they experience any severe or unusual symptoms.",
      "tab_short_desc": "Lisinopril is an ACE inhibitor that lowers blood pressure and treats heart failure by relaxing blood vessels"
    },
    {
      "id": 3,
      "icon": "TabletImage.png",
      "medicationName": "Amoxicillin",
      "previewtablet": "previewtablet.png",
      "refill": "3",
      "dosage": "500mg",
      "quantity": 50,
      "assignedTo": "Tiana",
      "refillDue": "Apr 09, 2024",
      "lastCopay": "$15.00",
      "refillsRemaining": "1",
      "autoRefill": true,
      "selected": true,
      "presicon": "prescriptionbottle.svg",
      "checked": false,
      "details": "Lisinopril is an oral medication primarily used to treat high blood pressure (hypertension) and heart failure. It belongs to a class of drugs known as ACE inhibitors (Angiotensin-Converting Enzyme inhibitors). By relaxing blood vessels, lisinopril helps reduce blood pressure and makes it easier for the heart to pump blood.",
      "side_effect": "Lisinopril can cause side effects like dizziness, headache, fatigue, nausea, and a persistent dry cough.  .",
      "tab_short_desc": "Lisinopril is an ACE inhibitor that lowers blood pressure and treats heart failure by relaxing blood vessels",
      "prescriber": "Dr. Susan Stone",
      "name": "Lisinopril",
      "dosage": "20mg",
      "capsules": 60,
      "patient": "Lydia",
      "refillDue": "Sept 04, 2024",
      "copay": "$7.20",
      "prescriber": "Dr. Susan Stone",
      "daysSupply": 10,
      "rxNumber": "8476374",
      "expirationDate": "Nov 12, 2024",
      "instructions": "Take 3 tablets by mouth once daily in the morning with food for 3 days, then take 2 tablets daily."
    }
  ]
}
